0,1,2,3,4,5,6,7,8,9,10,11,12,13,14,15,16,17,18,19,20,21,22,23,24,25,26,27,28,29,30,31,32,33,34,35,36,37,38,39,40,41,42,43,44,45,46,47,48,49,50,51,52,53,54,55,56,57,58,59,60,61,62,63,64,65,66,67,68,69,70,71,72,73,74,75,76,77,78,79,80,81,82,83,84,85,86,87,88,89,90,91,92,93,94,95,96,97,98,99,100,101,102,103,104,105,106,107,108,109,110,111,112,113,114,115,116,117,118,119,120,121,122,123,124,125,126,127,128,129,130,131,132,133,134,135,136,137,138,139,140,141,142,143,144,145,146,147,148,149,150,151,152,153,154,155,156,157,158,159,160,161,162,163,164,165,166,167,168,169,170,171,172,173,174,175,176,177,178,179,180,181,182,183,184,185,186,187,188,189,190,191,192,193,194,195,196,197,198,199,200,201,202,203,204,205,206,207,208,209,210,211,212,213,214,215,216,217,218,219,220,221,222,223,224,225,226,227,228,229,230,231,232,233,234
HG4074-HT4344_at,D11086_at,V00594_at,X91911_s_at,U63743_at,X52142_at,X62078_at,X13293_at,HG1751-HT1768_at,J04031_at,HG2090-HT2152_s_at,M23323_s_at,U65579_at,U40369_rna1_at,U60062_at,U47414_at,U52101_at,U49835_s_at,U52112_rna5_at,U88629_at,U90313_at,,,,,,,,,,,,,,,,,,,,,,,,,,,,,,,,,,,,,,,,,,,,,,,,,,,,,,,,,,,,,,,,,,,,,,,,,,,,,,,,,,,,,,,,,,,,,,,,,,,,,,,,,,,,,,,,,,,,,,,,,,,,,,,,,,,,,,,,,,,,,,,,,,,,,,,,,,,,,,,,,,,,,,,,,,,,,,,,,,,,,,,,,,,,,,,,,,,,,,,,,,,,,,,,,,,,,,
HG4074-HT4344_at,D11086_at,V00594_at,X91911_s_at,U63743_at,X52142_at,X62078_at,D26361_at,X13293_at,X69433_at,D80008_at,HG1751-HT1768_at,J04031_at,HG2090-HT2152_s_at,M23323_s_at,U65579_at,U40369_rna1_at,U60062_at,U47414_at,U52101_at,U49835_s_at,U52112_rna5_at,U50535_at,U50648_s_at,A28102_at,U88629_at,U81375_at,U90313_at,U90543_at,U90546_r_at,,,,,,,,,,,,,,,,,,,,,,,,,,,,,,,,,,,,,,,,,,,,,,,,,,,,,,,,,,,,,,,,,,,,,,,,,,,,,,,,,,,,,,,,,,,,,,,,,,,,,,,,,,,,,,,,,,,,,,,,,,,,,,,,,,,,,,,,,,,,,,,,,,,,,,,,,,,,,,,,,,,,,,,,,,,,,,,,,,,,,,,,,,,,,,,,,,,,,,,,,,,,,
HG4074-HT4344_at,D11086_at,V00594_at,X91911_s_at,U63743_at,X52142_at,X62078_at,X13293_at,HG1751-HT1768_at,J04031_at,M23323_s_at,U65579_at,U40369_rna1_at,U60062_at,U47414_at,U52101_at,U49835_s_at,U52112_rna5_at,U90313_at,,,,,,,,,,,,,,,,,,,,,,,,,,,,,,,,,,,,,,,,,,,,,,,,,,,,,,,,,,,,,,,,,,,,,,,,,,,,,,,,,,,,,,,,,,,,,,,,,,,,,,,,,,,,,,,,,,,,,,,,,,,,,,,,,,,,,,,,,,,,,,,,,,,,,,,,,,,,,,,,,,,,,,,,,,,,,,,,,,,,,,,,,,,,,,,,,,,,,,,,,,,,,,,,,,,,,,,,
HG4074-HT4344_at,D11086_at,V00594_at,X91911_s_at,U63743_at,X52142_at,X62078_at,X13293_at,X69433_at,D80008_at,HG1751-HT1768_at,J04031_at,HG2090-HT2152_s_at,M23323_s_at,U65579_at,U40369_rna1_at,U60062_at,U47414_at,U52101_at,U49835_s_at,U52112_rna5_at,U50535_at,U88629_at,U90313_at,U90543_at,,,,,,,,,,,,,,,,,,,,,,,,,,,,,,,,,,,,,,,,,,,,,,,,,,,,,,,,,,,,,,,,,,,,,,,,,,,,,,,,,,,,,,,,,,,,,,,,,,,,,,,,,,,,,,,,,,,,,,,,,,,,,,,,,,,,,,,,,,,,,,,,,,,,,,,,,,,,,,,,,,,,,,,,,,,,,,,,,,,,,,,,,,,,,,,,,,,,,,,,,,,,,,,,,,
HG4074-HT4344_at,D11086_at,V00594_at,U73304_rna1_at,X91911_s_at,U63743_at,X52142_at,X62078_at,AF006609_at,D26361_at,X13293_at,X69433_at,U79294_at,D80008_at,HG1751-HT1768_at,L29218_at,U69546_at,M31724_at,M63835_at,J04031_at,HG2090-HT2152_s_at,M23323_s_at,D25217_at,X82018_at,U43286_at,U41371_at,U58048_at,U58087_at,U58089_at,U58096_at,U58130_at,U58331_at,U57877_at,U58334_at,U58516_at,U58682_at,U59058_s_at,U59286_at,U59309_at,U59321_at,U58046_s_at,U41387_at,U59423_at,U57721_at,U53468_at,U53830_at,U55206_at,U55936_at,U56402_s_at,U56637_at,U41654_at,U56814_at,U56833_at,U57093_at,U41515_at,U57342_at,U41060_at,U53209_at,U61234_at,U61397_s_at,U61734_s_at,U62293_rna1_s_at,U63842_at,U64444_at,U39817_at,U65011_at,U65406_rna4_at,U65579_at,U65785_at,U65928_at,U61374_at,U61145_at,U59863_at,U40152_s_at,U59877_s_at,U59913_at,U40571_at,U40462_at,U40369_rna1_at,U40282_at,U59914_at,U60060_at,U60061_at,U60062_at,U60115_at,U60644_at,U60800_at,U60975_at,U53003_at,U43431_at,U48263_at,U47077_at,U47101_at,U47414_at,U47634_at,U47635_at,U47742_at,U47927_at,U48296_at,U49516_at,U49188_at,U49278_at,U49352_at,U49395_at,U49436_at,U43185_s_at,U43279_at,U46767_at,U43522_at,U43916_s_at,U44754_at,U44772_at,U44839_at,U44975_at,U45285_at,U45328_s_at,U45878_s_at,U45976_at,U46025_at,U46499_at,U46570_at,U46692_rna1_at,U46751_at,U43077_at,U49785_at,U51334_at,U42031_at,U51477_at,U51478_at,U66083_at,U52101_at,U49835_s_at,U52112_rna5_at,U41668_at,U52153_at,U52154_at,U52427_rna1_at,U52513_at,U52682_at,U51166_at,U51004_at,U50950_at,U49837_at,U49844_at,U49869_rna1_at,U50079_s_at,U50196_at,U50523_at,U50527_s_at,U50534_at,U50535_at,U50648_s_at,U50733_at,U50743_at,U42412_at,U50939_at,U51586_at,A28102_at,U66464_at,U89942_at,U84573_at,U84720_at,U85430_at,U85658_at,U86136_at,U86602_at,U86782_at,U87459_at,U88047_at,U88629_at,U88726_at,U89278_at,U89336_cds1_at,U89505_at,U89606_at,U83843_at,U83463_at,U83461_at,U81556_at,U79300_at,U79301_at,U80040_at,U81001_at,U81006_at,U81375_at,U81607_at,U83246_at,U82279_at,U82818_at,U82979_at,U83117_at,U89922_s_at,U90313_at,U66580_at,U90426_at,U91903_at,U91930_at,U91932_at,U93049_at,U93205_at,U94586_at,U94592_at,U94832_at,U94836_at,U95040_at,U95626_rna3_at,U95740_rna1_at,U96094_at,U96781_cds1_at,U91327_at,U91316_at,U90651_at,U90543_at,U90546_r_at,U90551_at,U90552_at,U90878_at,U90916_at,U90902_at,U90904_at,U90909_at,U90915_at,U79267_at,U70323_at,,,,,,,,,,,
HG4074-HT4344_at,D11086_at,V00594_at,U73304_rna1_at,X91911_s_at,U63743_at,X52142_at,X62078_at,AF006609_at,D26361_at,X13293_at,X69433_at,U79294_at,D80008_at,HG1751-HT1768_at,L29218_at,U69546_at,M31724_at,M63835_at,J04031_at,HG2090-HT2152_s_at,M23323_s_at,D25217_at,X82018_at,U43286_at,U41371_at,U58048_at,U58087_at,U58089_at,U58096_at,U58130_at,U58331_at,U57877_at,U58334_at,U58516_at,U58682_at,U59058_s_at,U59286_at,U59309_at,U59321_at,U58046_s_at,U41387_at,U59423_at,U57721_at,U53468_at,U53830_at,U55206_at,U55936_at,U56402_s_at,U56637_at,U41654_at,U56814_at,U56833_at,U57093_at,U41515_at,U57342_at,U41060_at,U53209_at,U61234_at,U61397_s_at,U61734_s_at,U62293_rna1_s_at,U63842_at,U64444_at,U39817_at,U65011_at,U65406_rna4_at,U65579_at,U65785_at,U65928_at,U61374_at,U61145_at,U59863_at,U40152_s_at,U59877_s_at,U59913_at,U40571_at,U40462_at,U40369_rna1_at,U40282_at,U59914_at,U60060_at,U60061_at,U60062_at,U60115_at,U60644_at,U60800_at,U60975_at,U53445_at,U53003_at,U43431_at,U48263_at,U47077_at,U47101_at,U47414_at,U47634_at,U47635_at,U47742_at,U47927_at,U48296_at,U49516_at,U48697_at,U49188_at,U49278_at,U49352_at,U49395_at,U49436_at,U43185_s_at,U43279_at,U46767_at,U43522_at,U43916_s_at,U44754_at,U44772_at,U44839_at,U44975_at,U45285_at,U45328_s_at,U45878_s_at,U45976_at,U46025_at,U46499_at,U46570_at,U46692_rna1_at,U46751_at,U43077_at,U49785_at,U51678_at,U51334_at,U42390_at,U42031_at,U51477_at,U51478_at,U66083_at,U52101_at,U49835_s_at,U52112_rna5_at,U41668_at,U52153_at,U52154_at,U52427_rna1_at,U52513_at,U52682_at,U51166_at,U51010_s_at,U51004_at,U50950_at,U49837_at,U49844_at,U49869_rna1_at,U49973_xpt1_at,U50079_s_at,U50196_at,U50523_at,U50527_s_at,U50534_at,U50535_at,U50648_s_at,U50733_at,U50743_at,U42412_at,U50939_at,U51586_at,A28102_at,U66464_at,U89942_at,U84573_at,U84720_at,U85430_at,U85611_at,U85658_at,U86136_at,U86602_at,U86782_at,U87459_at,U88047_at,U88629_at,U88726_at,U89278_at,U89336_cds1_at,U89505_at,U89606_at,U83843_at,U83463_at,U83461_at,U81556_at,U79300_at,U79301_at,U80040_at,U81001_at,U81006_at,U81375_at,U81607_at,U83246_at,U82279_at,U82818_at,U82979_at,U83115_at,U83117_at,U89922_s_at,U90313_at,U66580_at,U90426_at,U91903_at,U91930_at,U91932_at,U93049_at,U93205_at,U94319_at,U94586_at,U94592_at,U94832_at,U94836_at,U94855_at,U95040_at,U95626_rna3_at,U95740_rna1_at,U96094_at,U96781_cds1_at,U91327_at,U91316_at,U90651_at,U90543_at,U90546_r_at,U90551_at,U90552_at,U90878_at,U90916_at,U90902_at,U90904_at,U90909_at,U90911_at,U90915_at,U79267_at,U70323_at
HG4074-HT4344_at,D11086_at,V00594_at,U73304_rna1_at,X91911_s_at,U63743_at,X52142_at,X62078_at,AF006609_at,D26361_at,X13293_at,X69433_at,U79294_at,D80008_at,HG1751-HT1768_at,L29218_at,U69546_at,M63835_at,J04031_at,HG2090-HT2152_s_at,M23323_s_at,D25217_at,X82018_at,U43286_at,U58087_at,U58130_at,U58331_at,U59286_at,U59309_at,U58046_s_at,U59423_at,U57721_at,U53468_at,U53830_at,U55206_at,U41654_at,U56814_at,U57093_at,U41515_at,U61234_at,U62293_rna1_s_at,U65011_at,U65406_rna4_at,U65579_at,U65785_at,U61145_at,U59863_at,U40152_s_at,U59877_s_at,U40571_at,U40369_rna1_at,U59914_at,U60060_at,U60062_at,U60800_at,U53003_at,U43431_at,U47101_at,U47414_at,U47635_at,U47927_at,U49516_at,U49188_at,U49352_at,U49395_at,U49436_at,U43185_s_at,U43279_at,U46767_at,U43522_at,U44975_at,U45285_at,U45328_s_at,U45976_at,U46025_at,U46499_at,U46692_rna1_at,U46751_at,U43077_at,U49785_at,U51334_at,U66083_at,U52101_at,U49835_s_at,U52112_rna5_at,U41668_at,U52154_at,U52513_at,U52682_at,U51004_at,U50950_at,U49837_at,U49844_at,U50079_s_at,U50196_at,U50523_at,U50527_s_at,U50534_at,U50535_at,U50648_s_at,U50733_at,U42412_at,U50939_at,A28102_at,U66464_at,U89942_at,U84720_at,U85658_at,U86602_at,U86782_at,U88047_at,U88629_at,U89278_at,U89336_cds1_at,U89606_at,U83463_at,U83461_at,U81375_at,U83246_at,U82279_at,U82818_at,U82979_at,U83117_at,U89922_s_at,U90313_at,U66580_at,U90426_at,U91903_at,U91932_at,U93049_at,U94832_at,U94836_at,U95040_at,U95626_rna3_at,U95740_rna1_at,U96781_cds1_at,U91327_at,U91316_at,U90543_at,U90546_r_at,U90551_at,U90552_at,U90904_at,U90915_at,U79267_at,,,,,,,,,,,,,,,,,,,,,,,,,,,,,,,,,,,,,,,,,,,,,,,,,,,,,,,,,,,,,,,,,,,,,,,,,,,,,,,,,,,,,,,,,,
HG4074-HT4344_at,D11086_at,V00594_at,U73304_rna1_at,X91911_s_at,U63743_at,X52142_at,X62078_at,AF006609_at,D26361_at,X13293_at,X69433_at,U79294_at,D80008_at,HG1751-HT1768_at,L29218_at,U69546_at,M63835_at,J04031_at,HG2090-HT2152_s_at,M23323_s_at,D25217_at,X82018_at,U43286_at,U58087_at,U58130_at,U58331_at,U57877_at,U59286_at,U59309_at,U58046_s_at,U41387_at,U59423_at,U57721_at,U53468_at,U53830_at,U55206_at,U41654_at,U56814_at,U57093_at,U41515_at,U61234_at,U62293_rna1_s_at,U65011_at,U65406_rna4_at,U65579_at,U65785_at,U61145_at,U59863_at,U40152_s_at,U59877_s_at,U40571_at,U40369_rna1_at,U59914_at,U60060_at,U60062_at,U60644_at,U60800_at,U53003_at,U43431_at,U47101_at,U47414_at,U47634_at,U47635_at,U47927_at,U49516_at,U49188_at,U49352_at,U49395_at,U49436_at,U43185_s_at,U43279_at,U46767_at,U43522_at,U43916_s_at,U44754_at,U44975_at,U45285_at,U45328_s_at,U45976_at,U46025_at,U46499_at,U46692_rna1_at,U46751_at,U43077_at,U49785_at,U51334_at,U66083_at,U52101_at,U49835_s_at,U52112_rna5_at,U41668_at,U52154_at,U52513_at,U52682_at,U51004_at,U50950_at,U49837_at,U49844_at,U49869_rna1_at,U50079_s_at,U50196_at,U50523_at,U50527_s_at,U50534_at,U50535_at,U50648_s_at,U50733_at,U42412_at,U50939_at,A28102_at,U66464_at,U89942_at,U84720_at,U85658_at,U86602_at,U86782_at,U88047_at,U88629_at,U89278_at,U89336_cds1_at,U89606_at,U83463_at,U83461_at,U81556_at,U81375_at,U83246_at,U82279_at,U82818_at,U82979_at,U83117_at,U89922_s_at,U90313_at,U66580_at,U90426_at,U91903_at,U91930_at,U91932_at,U93049_at,U93205_at,U94832_at,U94836_at,U95040_at,U95626_rna3_at,U95740_rna1_at,U96781_cds1_at,U91327_at,U91316_at,U90543_at,U90546_r_at,U90551_at,U90552_at,U90902_at,U90904_at,U90915_at,U79267_at,,,,,,,,,,,,,,,,,,,,,,,,,,,,,,,,,,,,,,,,,,,,,,,,,,,,,,,,,,,,,,,,,,,,,,,,,,,,,,,
HG4074-HT4344_at,D11086_at,V00594_at,U73304_rna1_at,X91911_s_at,U63743_at,X52142_at,X62078_at,AF006609_at,D26361_at,X13293_at,X69433_at,D80008_at,HG1751-HT1768_at,L29218_at,M63835_at,J04031_at,HG2090-HT2152_s_at,M23323_s_at,U58130_at,U59286_at,U57721_at,U53830_at,U57093_at,U65579_at,U61145_at,U40369_rna1_at,U60060_at,U60062_at,U47101_at,U47414_at,U49188_at,U49352_at,U43522_at,U45976_at,U46025_at,U46692_rna1_at,U43077_at,U52101_at,U49835_s_at,U52112_rna5_at,U41668_at,U52513_at,U51004_at,U50196_at,U50527_s_at,U50535_at,U50648_s_at,A28102_at,U85658_at,U86602_at,U88047_at,U88629_at,U81375_at,U82818_at,U82979_at,U83117_at,U90313_at,U91932_at,U91316_at,U90543_at,U90546_r_at,U79267_at,,,,,,,,,,,,,,,,,,,,,,,,,,,,,,,,,,,,,,,,,,,,,,,,,,,,,,,,,,,,,,,,,,,,,,,,,,,,,,,,,,,,,,,,,,,,,,,,,,,,,,,,,,,,,,,,,,,,,,,,,,,,,,,,,,,,,,,,,,,,,,,,,,,,,,,,,,,,,,,,,,,,,,,,,,,,
HG4074-HT4344_at,D11086_at,V00594_at,U73304_rna1_at,X91911_s_at,U63743_at,X52142_at,X62078_at,AF006609_at,D26361_at,X13293_at,X69433_at,U79294_at,D80008_at,HG1751-HT1768_at,L29218_at,U69546_at,M31724_at,M63835_at,J04031_at,HG2090-HT2152_s_at,M23323_s_at,D25217_at,X82018_at,U43286_at,U41371_at,U58048_at,U58087_at,U58089_at,U58096_at,U58130_at,U58331_at,U57877_at,U58334_at,U58516_at,U58682_at,U59058_s_at,U59286_at,U59309_at,U59321_at,U58046_s_at,U41387_at,U59423_at,U57721_at,U53468_at,U53830_at,U55206_at,U55936_at,U56402_s_at,U56637_at,U41654_at,U56814_at,U56833_at,U57093_at,U41515_at,U57342_at,U41060_at,U53209_at,U61234_at,U61397_s_at,U61734_s_at,U62293_rna1_s_at,U63842_at,U64444_at,U39817_at,U65011_at,U65406_rna4_at,U65579_at,U65785_at,U65928_at,U61374_at,U61145_at,U59863_at,U40152_s_at,U59877_s_at,U59913_at,U40571_at,U40462_at,U40369_rna1_at,U40282_at,U59914_at,U60060_at,U60061_at,U60062_at,U60115_at,U60644_at,U60800_at,U60975_at,U53445_at,U53003_at,U43431_at,U48263_at,U47077_at,U47101_at,U47414_at,U47634_at,U47635_at,U47742_at,U47927_at,U48296_at,U49516_at,U48697_at,U49188_at,U49278_at,U49352_at,U49395_at,U49436_at,U43185_s_at,U43279_at,U46767_at,U43522_at,U43916_s_at,U44754_at,U44772_at,U44839_at,U44975_at,U45285_at,U45328_s_at,U45878_s_at,U45976_at,U46025_at,U46499_at,U46570_at,U46692_rna1_at,U46751_at,U43077_at,U49785_at,U51334_at,U42390_at,U42031_at,U51477_at,U51478_at,U66083_at,U52101_at,U49835_s_at,U52112_rna5_at,U41668_at,U52153_at,U52154_at,U52427_rna1_at,U52513_at,U52682_at,U51166_at,U51010_s_at,U51004_at,U50950_at,U49837_at,U49844_at,U49869_rna1_at,U50079_s_at,U50196_at,U50523_at,U50527_s_at,U50534_at,U50535_at,U50648_s_at,U50733_at,U50743_at,U42412_at,U50939_at,U51586_at,A28102_at,U66464_at,U89942_at,U84573_at,U84720_at,U85430_at,U85611_at,U85658_at,U86136_at,U86602_at,U86782_at,U87459_at,U88047_at,U88629_at,U88726_at,U89278_at,U89336_cds1_at,U89505_at,U89606_at,U83843_at,U83463_at,U83461_at,U81556_at,U79300_at,U79301_at,U80040_at,U81001_at,U81006_at,U81375_at,U81607_at,U83246_at,U82279_at,U82818_at,U82979_at,U83115_at,U83117_at,U89922_s_at,U90313_at,U66580_at,U90426_at,U91903_at,U91930_at,U91932_at,U93049_at,U93205_at,U94586_at,U94592_at,U94832_at,U94836_at,U94855_at,U95040_at,U95626_rna3_at,U95740_rna1_at,U96094_at,U96781_cds1_at,U91327_at,U91316_at,U90651_at,U90543_at,U90546_r_at,U90551_at,U90552_at,U90878_at,U90916_at,U90902_at,U90904_at,U90909_at,U90911_at,U90915_at,U79267_at,U70323_at,,,
U63743_at,X52142_at,X62078_at,X13293_at,HG1751-HT1768_at,U49835_s_at,,,,,,,,,,,,,,,,,,,,,,,,,,,,,,,,,,,,,,,,,,,,,,,,,,,,,,,,,,,,,,,,,,,,,,,,,,,,,,,,,,,,,,,,,,,,,,,,,,,,,,,,,,,,,,,,,,,,,,,,,,,,,,,,,,,,,,,,,,,,,,,,,,,,,,,,,,,,,,,,,,,,,,,,,,,,,,,,,,,,,,,,,,,,,,,,,,,,,,,,,,,,,,,,,,,,,,,,,,,,,,,,,,,,,
HG4074-HT4344_at,D11086_at,V00594_at,X91911_s_at,U63743_at,X52142_at,X62078_at,D26361_at,X13293_at,X69433_at,D80008_at,HG1751-HT1768_at,J04031_at,HG2090-HT2152_s_at,M23323_s_at,U65579_at,U40369_rna1_at,U60062_at,U47414_at,U52101_at,U49835_s_at,U52112_rna5_at,U50535_at,U50648_s_at,A28102_at,U88629_at,U81375_at,U90313_at,U90543_at,,,,,,,,,,,,,,,,,,,,,,,,,,,,,,,,,,,,,,,,,,,,,,,,,,,,,,,,,,,,,,,,,,,,,,,,,,,,,,,,,,,,,,,,,,,,,,,,,,,,,,,,,,,,,,,,,,,,,,,,,,,,,,,,,,,,,,,,,,,,,,,,,,,,,,,,,,,,,,,,,,,,,,,,,,,,,,,,,,,,,,,,,,,,,,,,,,,,,,,,,,,,,,
HG4074-HT4344_at,D11086_at,V00594_at,U63743_at,X52142_at,X62078_at,X13293_at,HG1751-HT1768_at,M23323_s_at,U40369_rna1_at,U60062_at,U47414_at,U49835_s_at,U52112_rna5_at,,,,,,,,,,,,,,,,,,,,,,,,,,,,,,,,,,,,,,,,,,,,,,,,,,,,,,,,,,,,,,,,,,,,,,,,,,,,,,,,,,,,,,,,,,,,,,,,,,,,,,,,,,,,,,,,,,,,,,,,,,,,,,,,,,,,,,,,,,,,,,,,,,,,,,,,,,,,,,,,,,,,,,,,,,,,,,,,,,,,,,,,,,,,,,,,,,,,,,,,,,,,,,,,,,,,,,,,,,,,,
HG4074-HT4344_at,D11086_at,V00594_at,U73304_rna1_at,X91911_s_at,U63743_at,X52142_at,X62078_at,AF006609_at,D26361_at,X13293_at,X69433_at,U79294_at,D80008_at,HG1751-HT1768_at,L29218_at,U69546_at,M63835_at,J04031_at,HG2090-HT2152_s_at,M23323_s_at,D25217_at,X82018_at,U43286_at,U58087_at,U58130_at,U58331_at,U59286_at,U59309_at,U58046_s_at,U59423_at,U57721_at,U53468_at,U53830_at,U55206_at,U41654_at,U57093_at,U41515_at,U61234_at,U62293_rna1_s_at,U65011_at,U65406_rna4_at,U65579_at,U65785_at,U61145_at,U59863_at,U40152_s_at,U59877_s_at,U40571_at,U40369_rna1_at,U59914_at,U60060_at,U60062_at,U60800_at,U53003_at,U43431_at,U47101_at,U47414_at,U47635_at,U47927_at,U49516_at,U49188_at,U49352_at,U49395_at,U49436_at,U43185_s_at,U43279_at,U43522_at,U44975_at,U45285_at,U45328_s_at,U45976_at,U46025_at,U46499_at,U46692_rna1_at,U46751_at,U43077_at,U49785_at,U51334_at,U66083_at,U52101_at,U49835_s_at,U52112_rna5_at,U41668_at,U52154_at,U52513_at,U52682_at,U51004_at,U50950_at,U49837_at,U49844_at,U50079_s_at,U50196_at,U50523_at,U50527_s_at,U50534_at,U50535_at,U50648_s_at,U50733_at,U42412_at,U50939_at,A28102_at,U66464_at,U89942_at,U84720_at,U85658_at,U86602_at,U86782_at,U88047_at,U88629_at,U89278_at,U89336_cds1_at,U89606_at,U83463_at,U83461_at,U81375_at,U83246_at,U82279_at,U82818_at,U82979_at,U83117_at,U89922_s_at,U90313_at,U90426_at,U91903_at,U91932_at,U93049_at,U94832_at,U94836_at,U95040_at,U95626_rna3_at,U95740_rna1_at,U96781_cds1_at,U91327_at,U91316_at,U90543_at,U90546_r_at,U90551_at,U90552_at,U90904_at,U90915_at,U79267_at,,,,,,,,,,,,,,,,,,,,,,,,,,,,,,,,,,,,,,,,,,,,,,,,,,,,,,,,,,,,,,,,,,,,,,,,,,,,,,,,,,,,,,,,,,,,,
U63743_at,X52142_at,X62078_at,X13293_at,HG1751-HT1768_at,M23323_s_at,U40369_rna1_at,U60062_at,U47414_at,U49835_s_at,U52112_rna5_at,,,,,,,,,,,,,,,,,,,,,,,,,,,,,,,,,,,,,,,,,,,,,,,,,,,,,,,,,,,,,,,,,,,,,,,,,,,,,,,,,,,,,,,,,,,,,,,,,,,,,,,,,,,,,,,,,,,,,,,,,,,,,,,,,,,,,,,,,,,,,,,,,,,,,,,,,,,,,,,,,,,,,,,,,,,,,,,,,,,,,,,,,,,,,,,,,,,,,,,,,,,,,,,,,,,,,,,,,,,,,,,,
HG4074-HT4344_at,D11086_at,V00594_at,X91911_s_at,U63743_at,X52142_at,X62078_at,X13293_at,HG1751-HT1768_at,J04031_at,HG2090-HT2152_s_at,M23323_s_at,U65579_at,U40369_rna1_at,U60062_at,U47414_at,U52101_at,U49835_s_at,U52112_rna5_at,U90313_at,,,,,,,,,,,,,,,,,,,,,,,,,,,,,,,,,,,,,,,,,,,,,,,,,,,,,,,,,,,,,,,,,,,,,,,,,,,,,,,,,,,,,,,,,,,,,,,,,,,,,,,,,,,,,,,,,,,,,,,,,,,,,,,,,,,,,,,,,,,,,,,,,,,,,,,,,,,,,,,,,,,,,,,,,,,,,,,,,,,,,,,,,,,,,,,,,,,,,,,,,,,,,,,,,,,,,,,
HG4074-HT4344_at,D11086_at,V00594_at,U73304_rna1_at,X91911_s_at,U63743_at,X52142_at,X62078_at,AF006609_at,D26361_at,X13293_at,X69433_at,D80008_at,HG1751-HT1768_at,L29218_at,U69546_at,M63835_at,J04031_at,HG2090-HT2152_s_at,M23323_s_at,D25217_at,X82018_at,U43286_at,U58087_at,U58130_at,U58331_at,U59286_at,U59309_at,U59423_at,U57721_at,U53468_at,U53830_at,U55206_at,U41654_at,U57093_at,U41515_at,U61234_at,U62293_rna1_s_at,U65011_at,U65406_rna4_at,U65579_at,U65785_at,U61145_at,U59863_at,U59877_s_at,U40369_rna1_at,U59914_at,U60060_at,U60062_at,U60800_at,U53003_at,U43431_at,U47101_at,U47414_at,U47635_at,U47927_at,U49516_at,U49188_at,U49352_at,U49395_at,U49436_at,U43279_at,U43522_at,U44975_at,U45285_at,U45328_s_at,U45976_at,U46025_at,U46499_at,U46692_rna1_at,U46751_at,U43077_at,U49785_at,U51334_at,U66083_at,U52101_at,U49835_s_at,U52112_rna5_at,U41668_at,U52154_at,U52513_at,U52682_at,U51004_at,U50950_at,U49837_at,U49844_at,U50079_s_at,U50196_at,U50523_at,U50527_s_at,U50535_at,U50648_s_at,U50733_at,U42412_at,A28102_at,U66464_at,U89942_at,U84720_at,U85658_at,U86602_at,U86782_at,U88047_at,U88629_at,U89278_at,U89336_cds1_at,U89606_at,U83463_at,U83461_at,U81375_at,U83246_at,U82279_at,U82818_at,U82979_at,U83117_at,U89922_s_at,U90313_at,U90426_at,U91903_at,U91932_at,U93049_at,U94832_at,U94836_at,U95040_at,U95626_rna3_at,U95740_rna1_at,U96781_cds1_at,U91327_at,U91316_at,U90543_at,U90546_r_at,U90551_at,U90552_at,U90904_at,U90915_at,U79267_at,,,,,,,,,,,,,,,,,,,,,,,,,,,,,,,,,,,,,,,,,,,,,,,,,,,,,,,,,,,,,,,,,,,,,,,,,,,,,,,,,,,,,,,,,,,,,,,,,,,,
HG4074-HT4344_at,D11086_at,V00594_at,U73304_rna1_at,X91911_s_at,U63743_at,X52142_at,X62078_at,AF006609_at,D26361_at,X13293_at,X69433_at,U79294_at,D80008_at,HG1751-HT1768_at,L29218_at,U69546_at,M31724_at,M63835_at,J04031_at,HG2090-HT2152_s_at,M23323_s_at,D25217_at,X82018_at,U43286_at,U58087_at,U58089_at,U58130_at,U58331_at,U57877_at,U58334_at,U58682_at,U59286_at,U59309_at,U58046_s_at,U41387_at,U59423_at,U57721_at,U53468_at,U53830_at,U55206_at,U56402_s_at,U56637_at,U41654_at,U56814_at,U57093_at,U41515_at,U41060_at,U61234_at,U61397_s_at,U61734_s_at,U62293_rna1_s_at,U63842_at,U39817_at,U65011_at,U65406_rna4_at,U65579_at,U65785_at,U61145_at,U59863_at,U40152_s_at,U59877_s_at,U40571_at,U40462_at,U40369_rna1_at,U59914_at,U60060_at,U60061_at,U60062_at,U60644_at,U60800_at,U60975_at,U53003_at,U43431_at,U48263_at,U47077_at,U47101_at,U47414_at,U47634_at,U47635_at,U47742_at,U47927_at,U49516_at,U49188_at,U49278_at,U49352_at,U49395_at,U49436_at,U43185_s_at,U43279_at,U46767_at,U43522_at,U43916_s_at,U44754_at,U44975_at,U45285_at,U45328_s_at,U45976_at,U46025_at,U46499_at,U46570_at,U46692_rna1_at,U46751_at,U43077_at,U49785_at,U51334_at,U42031_at,U51478_at,U66083_at,U52101_at,U49835_s_at,U52112_rna5_at,U41668_at,U52153_at,U52154_at,U52427_rna1_at,U52513_at,U52682_at,U51004_at,U50950_at,U49837_at,U49844_at,U49869_rna1_at,U50079_s_at,U50196_at,U50523_at,U50527_s_at,U50534_at,U50535_at,U50648_s_at,U50733_at,U50743_at,U42412_at,U50939_at,U51586_at,A28102_at,U66464_at,U89942_at,U84573_at,U84720_at,U85430_at,U85658_at,U86136_at,U86602_at,U86782_at,U87459_at,U88047_at,U88629_at,U88726_at,U89278_at,U89336_cds1_at,U89606_at,U83843_at,U83463_at,U83461_at,U81556_at,U79300_at,U79301_at,U80040_at,U81001_at,U81375_at,U83246_at,U82279_at,U82818_at,U82979_at,U83117_at,U89922_s_at,U90313_at,U66580_at,U90426_at,U91903_at,U91930_at,U91932_at,U93049_at,U93205_at,U94586_at,U94832_at,U94836_at,U95040_at,U95626_rna3_at,U95740_rna1_at,U96781_cds1_at,U91327_at,U91316_at,U90651_at,U90543_at,U90546_r_at,U90551_at,U90552_at,U90916_at,U90902_at,U90904_at,U90909_at,U90915_at,U79267_at,,,,,,,,,,,,,,,,,,,,,,,,,,,,,,,,,,,,,,,,
HG4074-HT4344_at,D11086_at,V00594_at,U63743_at,X52142_at,X62078_at,X13293_at,HG1751-HT1768_at,J04031_at,M23323_s_at,U40369_rna1_at,U60062_at,U47414_at,U49835_s_at,U52112_rna5_at,U90313_at,,,,,,,,,,,,,,,,,,,,,,,,,,,,,,,,,,,,,,,,,,,,,,,,,,,,,,,,,,,,,,,,,,,,,,,,,,,,,,,,,,,,,,,,,,,,,,,,,,,,,,,,,,,,,,,,,,,,,,,,,,,,,,,,,,,,,,,,,,,,,,,,,,,,,,,,,,,,,,,,,,,,,,,,,,,,,,,,,,,,,,,,,,,,,,,,,,,,,,,,,,,,,,,,,,,,,,,,,,,
U63743_at,X52142_at,X62078_at,X13293_at,HG1751-HT1768_at,U60062_at,U47414_at,U49835_s_at,,,,,,,,,,,,,,,,,,,,,,,,,,,,,,,,,,,,,,,,,,,,,,,,,,,,,,,,,,,,,,,,,,,,,,,,,,,,,,,,,,,,,,,,,,,,,,,,,,,,,,,,,,,,,,,,,,,,,,,,,,,,,,,,,,,,,,,,,,,,,,,,,,,,,,,,,,,,,,,,,,,,,,,,,,,,,,,,,,,,,,,,,,,,,,,,,,,,,,,,,,,,,,,,,,,,,,,,,,,,,,,,,,,
